{"cameraMode":{"drawMode":0,"name":"Shaded","section":"Shading Mode"},"sceneLighting":false,"audioPlay":false,"sceneViewState":{"m_AlwaysRefresh":false,"showFog":false,"showSkybox":false,"showFlares":false,"showImageEffects":false,"showParticleSystems":false,"showVisualEffectGraphs":true,"m_FxEnabled":true},"in2DMode":false,"pivot":{"x":0.4849180579185486,"y":1.035037636756897,"z":-1.4164612293243409},"rotation":{"x":0.010009897872805596,"y":0.9900299906730652,"z":-0.1013331264257431,"w":0.09773123264312744},"size":1.1716322898864747,"orthographic":false}