{"cameraMode":{"drawMode":0,"name":"Shaded","section":"Shading Mode"},"sceneLighting":true,"audioPlay":false,"sceneViewState":{"m_AlwaysRefresh":false,"showFog":true,"showSkybox":true,"showFlares":true,"showImageEffects":true,"showParticleSystems":true,"showVisualEffectGraphs":true,"m_FxEnabled":true},"in2DMode":false,"pivot":{"x":-0.37552955746650698,"y":1.1209423542022706,"z":-0.8629496693611145},"rotation":{"x":0.038141150027513507,"y":0.635604202747345,"z":-0.031524788588285449,"w":0.7705765962600708},"size":1.3143812417984009,"orthographic":false}