{"cameraMode":{"drawMode":0,"name":"Shaded","section":"Shading Mode"},"sceneLighting":true,"audioPlay":false,"sceneViewState":{"m_AlwaysRefresh":false,"showFog":true,"showSkybox":true,"showFlares":true,"showImageEffects":true,"showParticleSystems":true,"showVisualEffectGraphs":true,"m_FxEnabled":true},"in2DMode":false,"pivot":{"x":-12.684682846069336,"y":-1.6671795845031739,"z":-23.35870933532715},"rotation":{"x":0.012973754666745663,"y":-0.9680352807044983,"z":0.051165949553251269,"w":0.2452283650636673},"size":13.963918685913086,"orthographic":false}