{"cameraMode":{"drawMode":0,"name":"Shaded","section":"Shading Mode"},"sceneLighting":true,"audioPlay":false,"sceneViewState":{"m_AlwaysRefresh":false,"showFog":true,"showSkybox":true,"showFlares":true,"showImageEffects":true,"showParticleSystems":true,"showVisualEffectGraphs":true,"m_FxEnabled":true},"in2DMode":false,"pivot":{"x":3.3832931518554689,"y":1.1128283739089966,"z":-0.0338158905506134},"rotation":{"x":0.022995183244347574,"y":0.7398200035095215,"z":-0.02530444599688053,"w":0.6719839572906494},"size":2.280941963195801,"orthographic":false}