{"cameraMode":{"drawMode":0,"name":"Shaded","section":"Shading Mode"},"sceneLighting":true,"audioPlay":false,"sceneViewState":{"m_AlwaysRefresh":false,"showFog":true,"showSkybox":true,"showFlares":true,"showImageEffects":true,"showParticleSystems":true,"showVisualEffectGraphs":true,"m_FxEnabled":true},"in2DMode":false,"pivot":{"x":-0.6975031495094299,"y":1.2616448402404786,"z":0.1265261024236679},"rotation":{"x":-0.015760835260152818,"y":0.7216442227363586,"z":0.01647784747183323,"w":0.691938579082489},"size":0.34928759932518008,"orthographic":false}