{"cameraMode":{"drawMode":0,"name":"Shaded","section":"Shading Mode"},"sceneLighting":true,"audioPlay":false,"sceneViewState":{"m_AlwaysRefresh":false,"showFog":true,"showSkybox":true,"showFlares":true,"showImageEffects":true,"showParticleSystems":true,"showVisualEffectGraphs":true,"m_FxEnabled":true},"in2DMode":false,"pivot":{"x":-0.6746023893356323,"y":1.449109673500061,"z":0.07435590773820877},"rotation":{"x":0.12316522002220154,"y":0.6897998452186585,"z":-0.120819590985775,"w":0.7031524181365967},"size":0.6385290026664734,"orthographic":false}