{"cameraMode":{"drawMode":0,"name":"Shaded","section":"Shading Mode"},"sceneLighting":false,"audioPlay":false,"sceneViewState":{"m_AlwaysRefresh":false,"showFog":true,"showSkybox":false,"showFlares":true,"showImageEffects":true,"showParticleSystems":true,"showVisualEffectGraphs":true,"m_FxEnabled":true},"in2DMode":false,"pivot":{"x":-8.940696716308594e-8,"y":0.019999999552965165,"z":-8.940696716308594e-8},"rotation":{"x":-0.20979420840740205,"y":0.4343566298484802,"z":-0.10477297008037567,"w":-0.8697230219841003},"size":0.42438170313835146,"orthographic":false}